pairId,readerId,questionId,questionText,answer,confidence,timestamp,versionA,versionB
synth-001,beta-reader-sim,engagement,哪个版本更让你想继续读下去？,B,4,2026-06-14T10:00:00Z,low-temp,default
synth-001,beta-reader-sim,character,哪个版本的角色更真实可信？,B,3,2026-06-14T10:00:00Z,low-temp,default
synth-001,beta-reader-sim,emotion,哪个版本的情感推进更自然？,A,3,2026-06-14T10:00:00Z,low-temp,default
synth-001,beta-reader-sim,clarity,哪个版本的叙事更清晰易懂？,B,4,2026-06-14T10:00:00Z,low-temp,default
synth-001,beta-reader-sim,expectation,哪个版本让你对后续发展更期待？,B,3,2026-06-14T10:00:00Z,low-temp,default
synth-002,beta-reader-sim,engagement,哪个版本更让你想继续读下去？,B,3,2026-06-14T10:01:00Z,default,high-temp
synth-002,beta-reader-sim,character,哪个版本的角色更真实可信？,A,4,2026-06-14T10:01:00Z,default,high-temp
synth-002,beta-reader-sim,emotion,哪个版本的情感推进更自然？,B,3,2026-06-14T10:01:00Z,default,high-temp
synth-002,beta-reader-sim,clarity,哪个版本的叙事更清晰易懂？,A,4,2026-06-14T10:01:00Z,default,high-temp
synth-002,beta-reader-sim,expectation,哪个版本让你对后续发展更期待？,tie,2,2026-06-14T10:01:00Z,default,high-temp
synth-003,beta-reader-sim,engagement,哪个版本更让你想继续读下去？,B,4,2026-06-14T10:02:00Z,high-temp,low-temp
synth-003,beta-reader-sim,character,哪个版本的角色更真实可信？,B,3,2026-06-14T10:02:00Z,high-temp,low-temp
synth-003,beta-reader-sim,emotion,哪个版本的情感推进更自然？,B,4,2026-06-14T10:02:00Z,high-temp,low-temp
synth-003,beta-reader-sim,clarity,哪个版本的叙事更清晰易懂？,B,4,2026-06-14T10:02:00Z,high-temp,low-temp
synth-003,beta-reader-sim,expectation,哪个版本让你对后续发展更期待？,B,3,2026-06-14T10:02:00Z,high-temp,low-temp
synth-004,beta-reader-sim,engagement,哪个版本更让你想继续读下去？,A,3,2026-06-14T10:03:00Z,low-temp,high-temp
synth-004,beta-reader-sim,character,哪个版本的角色更真实可信？,A,3,2026-06-14T10:03:00Z,low-temp,high-temp
synth-004,beta-reader-sim,emotion,哪个版本的情感推进更自然？,A,2,2026-06-14T10:03:00Z,low-temp,high-temp
synth-004,beta-reader-sim,clarity,哪个版本的叙事更清晰易懂？,A,4,2026-06-14T10:03:00Z,low-temp,high-temp
synth-004,beta-reader-sim,expectation,哪个版本让你对后续发展更期待？,A,3,2026-06-14T10:03:00Z,low-temp,high-temp
synth-005,beta-reader-sim,engagement,哪个版本更让你想继续读下去？,B,3,2026-06-14T10:04:00Z,default,low-temp
synth-005,beta-reader-sim,character,哪个版本的角色更真实可信？,B,4,2026-06-14T10:04:00Z,default,low-temp
synth-005,beta-reader-sim,emotion,哪个版本的情感推进更自然？,tie,3,2026-06-14T10:04:00Z,default,low-temp
synth-005,beta-reader-sim,clarity,哪个版本的叙事更清晰易懂？,B,3,2026-06-14T10:04:00Z,default,low-temp
synth-005,beta-reader-sim,expectation,哪个版本让你对后续发展更期待？,B,4,2026-06-14T10:04:00Z,default,low-temp
synth-006,beta-reader-sim,engagement,哪个版本更让你想继续读下去？,B,4,2026-06-14T10:05:00Z,high-temp,default
synth-006,beta-reader-sim,character,哪个版本的角色更真实可信？,A,3,2026-06-14T10:05:00Z,high-temp,default
synth-006,beta-reader-sim,emotion,哪个版本的情感推进更自然？,B,3,2026-06-14T10:05:00Z,high-temp,default
synth-006,beta-reader-sim,clarity,哪个版本的叙事更清晰易懂？,B,3,2026-06-14T10:05:00Z,high-temp,default
synth-006,beta-reader-sim,expectation,哪个版本让你对后续发展更期待？,A,4,2026-06-14T10:05:00Z,high-temp,default
synth-007,beta-reader-sim,engagement,哪个版本更让你想继续读下去？,A,3,2026-06-14T10:06:00Z,low-temp,default
synth-007,beta-reader-sim,character,哪个版本的角色更真实可信？,A,3,2026-06-14T10:06:00Z,low-temp,default
synth-007,beta-reader-sim,emotion,哪个版本的情感推进更自然？,B,4,2026-06-14T10:06:00Z,low-temp,default
synth-007,beta-reader-sim,clarity,哪个版本的叙事更清晰易懂？,A,3,2026-06-14T10:06:00Z,low-temp,default
synth-007,beta-reader-sim,expectation,哪个版本让你对后续发展更期待？,tie,2,2026-06-14T10:06:00Z,low-temp,default
synth-008,beta-reader-sim,engagement,哪个版本更让你想继续读下去？,B,4,2026-06-14T10:07:00Z,default,high-temp
synth-008,beta-reader-sim,character,哪个版本的角色更真实可信？,B,3,2026-06-14T10:07:00Z,default,high-temp
synth-008,beta-reader-sim,emotion,哪个版本的情感推进更自然？,B,3,2026-06-14T10:07:00Z,default,high-temp
synth-008,beta-reader-sim,clarity,哪个版本的叙事更清晰易懂？,A,4,2026-06-14T10:07:00Z,default,high-temp
synth-008,beta-reader-sim,expectation,哪个版本让你对后续发展更期待？,B,3,2026-06-14T10:07:00Z,default,high-temp
synth-009,beta-reader-sim,engagement,哪个版本更让你想继续读下去？,A,2,2026-06-14T10:08:00Z,high-temp,low-temp
synth-009,beta-reader-sim,character,哪个版本的角色更真实可信？,tie,3,2026-06-14T10:08:00Z,high-temp,low-temp
synth-009,beta-reader-sim,emotion,哪个版本的情感推进更自然？,A,3,2026-06-14T10:08:00Z,high-temp,low-temp
synth-009,beta-reader-sim,clarity,哪个版本的叙事更清晰易懂？,A,3,2026-06-14T10:08:00Z,high-temp,low-temp
synth-009,beta-reader-sim,expectation,哪个版本让你对后续发展更期待？,A,3,2026-06-14T10:08:00Z,high-temp,low-temp
synth-010,beta-reader-sim,engagement,哪个版本更让你想继续读下去？,B,4,2026-06-14T10:09:00Z,low-temp,high-temp
synth-010,beta-reader-sim,character,哪个版本的角色更真实可信？,B,4,2026-06-14T10:09:00Z,low-temp,high-temp
synth-010,beta-reader-sim,emotion,哪个版本的情感推进更自然？,B,3,2026-06-14T10:09:00Z,low-temp,high-temp
synth-010,beta-reader-sim,clarity,哪个版本的叙事更清晰易懂？,B,4,2026-06-14T10:09:00Z,low-temp,high-temp
synth-010,beta-reader-sim,expectation,哪个版本让你对后续发展更期待？,B,3,2026-06-14T10:09:00Z,low-temp,high-temp
synth-011,beta-reader-sim,engagement,哪个版本更让你想继续读下去？,B,3,2026-06-14T10:10:00Z,default,low-temp
synth-011,beta-reader-sim,character,哪个版本的角色更真实可信？,A,3,2026-06-14T10:10:00Z,default,low-temp
synth-011,beta-reader-sim,emotion,哪个版本的情感推进更自然？,B,4,2026-06-14T10:10:00Z,default,low-temp
synth-011,beta-reader-sim,clarity,哪个版本的叙事更清晰易懂？,B,3,2026-06-14T10:10:00Z,default,low-temp
synth-011,beta-reader-sim,expectation,哪个版本让你对后续发展更期待？,B,3,2026-06-14T10:10:00Z,default,low-temp
synth-012,beta-reader-sim,engagement,哪个版本更让你想继续读下去？,A,4,2026-06-14T10:11:00Z,high-temp,default
synth-012,beta-reader-sim,character,哪个版本的角色更真实可信？,A,3,2026-06-14T10:11:00Z,high-temp,default
synth-012,beta-reader-sim,emotion,哪个版本的情感推进更自然？,A,3,2026-06-14T10:11:00Z,high-temp,default
synth-012,beta-reader-sim,clarity,哪个版本的叙事更清晰易懂？,A,3,2026-06-14T10:11:00Z,high-temp,default
synth-012,beta-reader-sim,expectation,哪个版本让你对后续发展更期待？,tie,2,2026-06-14T10:11:00Z,high-temp,default
synth-013,beta-reader-sim,engagement,哪个版本更让你想继续读下去？,tie,2,2026-06-14T10:13:00.000Z,low-temp,default
synth-013,beta-reader-sim,character,哪个版本的角色更真实可信？,A,4,2026-06-14T10:13:00.000Z,low-temp,default
synth-013,beta-reader-sim,emotion,哪个版本的情感推进更自然？,A,4,2026-06-14T10:13:00.000Z,low-temp,default
synth-013,beta-reader-sim,clarity,哪个版本的叙事更清晰易懂？,A,4,2026-06-14T10:13:00.000Z,low-temp,default
synth-013,beta-reader-sim,expectation,哪个版本让你对后续发展更期待？,A,4,2026-06-14T10:13:00.000Z,low-temp,default
synth-014,beta-reader-sim,engagement,哪个版本更让你想继续读下去？,tie,3,2026-06-14T10:14:00.000Z,high-temp,default
synth-014,beta-reader-sim,character,哪个版本的角色更真实可信？,B,3,2026-06-14T10:14:00.000Z,high-temp,default
synth-014,beta-reader-sim,emotion,哪个版本的情感推进更自然？,B,4,2026-06-14T10:14:00.000Z,high-temp,default
synth-014,beta-reader-sim,clarity,哪个版本的叙事更清晰易懂？,B,4,2026-06-14T10:14:00.000Z,high-temp,default
synth-014,beta-reader-sim,expectation,哪个版本让你对后续发展更期待？,tie,3,2026-06-14T10:14:00.000Z,high-temp,default
synth-015,beta-reader-sim,engagement,哪个版本更让你想继续读下去？,B,3,2026-06-14T10:15:00.000Z,high-temp,low-temp
synth-015,beta-reader-sim,character,哪个版本的角色更真实可信？,A,4,2026-06-14T10:15:00.000Z,high-temp,low-temp
synth-015,beta-reader-sim,emotion,哪个版本的情感推进更自然？,A,3,2026-06-14T10:15:00.000Z,high-temp,low-temp
synth-015,beta-reader-sim,clarity,哪个版本的叙事更清晰易懂？,tie,3,2026-06-14T10:15:00.000Z,high-temp,low-temp
synth-015,beta-reader-sim,expectation,哪个版本让你对后续发展更期待？,B,4,2026-06-14T10:15:00.000Z,high-temp,low-temp
synth-016,beta-reader-sim,engagement,哪个版本更让你想继续读下去？,tie,3,2026-06-14T10:16:00.000Z,default,low-temp
synth-016,beta-reader-sim,character,哪个版本的角色更真实可信？,A,3,2026-06-14T10:16:00.000Z,default,low-temp
synth-016,beta-reader-sim,emotion,哪个版本的情感推进更自然？,A,4,2026-06-14T10:16:00.000Z,default,low-temp
synth-016,beta-reader-sim,clarity,哪个版本的叙事更清晰易懂？,B,3,2026-06-14T10:16:00.000Z,default,low-temp
synth-016,beta-reader-sim,expectation,哪个版本让你对后续发展更期待？,A,4,2026-06-14T10:16:00.000Z,default,low-temp
synth-017,beta-reader-sim,engagement,哪个版本更让你想继续读下去？,A,4,2026-06-14T10:17:00.000Z,default,high-temp
synth-017,beta-reader-sim,character,哪个版本的角色更真实可信？,B,4,2026-06-14T10:17:00.000Z,default,high-temp
synth-017,beta-reader-sim,emotion,哪个版本的情感推进更自然？,B,3,2026-06-14T10:17:00.000Z,default,high-temp
synth-017,beta-reader-sim,clarity,哪个版本的叙事更清晰易懂？,B,3,2026-06-14T10:17:00.000Z,default,high-temp
synth-017,beta-reader-sim,expectation,哪个版本让你对后续发展更期待？,B,4,2026-06-14T10:17:00.000Z,default,high-temp
synth-018,beta-reader-sim,engagement,哪个版本更让你想继续读下去？,A,4,2026-06-14T10:18:00.000Z,low-temp,high-temp
synth-018,beta-reader-sim,character,哪个版本的角色更真实可信？,tie,2,2026-06-14T10:18:00.000Z,low-temp,high-temp
synth-018,beta-reader-sim,emotion,哪个版本的情感推进更自然？,B,4,2026-06-14T10:18:00.000Z,low-temp,high-temp
synth-018,beta-reader-sim,clarity,哪个版本的叙事更清晰易懂？,B,4,2026-06-14T10:18:00.000Z,low-temp,high-temp
synth-018,beta-reader-sim,expectation,哪个版本让你对后续发展更期待？,tie,2,2026-06-14T10:18:00.000Z,low-temp,high-temp
synth-019,beta-reader-sim,engagement,哪个版本更让你想继续读下去？,B,3,2026-06-14T10:19:00.000Z,low-temp,default
synth-019,beta-reader-sim,character,哪个版本的角色更真实可信？,A,4,2026-06-14T10:19:00.000Z,low-temp,default
synth-019,beta-reader-sim,emotion,哪个版本的情感推进更自然？,A,4,2026-06-14T10:19:00.000Z,low-temp,default
synth-019,beta-reader-sim,clarity,哪个版本的叙事更清晰易懂？,B,3,2026-06-14T10:19:00.000Z,low-temp,default
synth-019,beta-reader-sim,expectation,哪个版本让你对后续发展更期待？,A,4,2026-06-14T10:19:00.000Z,low-temp,default
synth-020,beta-reader-sim,engagement,哪个版本更让你想继续读下去？,B,4,2026-06-14T10:20:00.000Z,high-temp,default
synth-020,beta-reader-sim,character,哪个版本的角色更真实可信？,A,4,2026-06-14T10:20:00.000Z,high-temp,default
synth-020,beta-reader-sim,emotion,哪个版本的情感推进更自然？,A,4,2026-06-14T10:20:00.000Z,high-temp,default
synth-020,beta-reader-sim,clarity,哪个版本的叙事更清晰易懂？,B,3,2026-06-14T10:20:00.000Z,high-temp,default
synth-020,beta-reader-sim,expectation,哪个版本让你对后续发展更期待？,B,4,2026-06-14T10:20:00.000Z,high-temp,default
synth-021,beta-reader-sim,engagement,哪个版本更让你想继续读下去？,A,3,2026-06-14T10:21:00.000Z,high-temp,low-temp
synth-021,beta-reader-sim,character,哪个版本的角色更真实可信？,B,3,2026-06-14T10:21:00.000Z,high-temp,low-temp
synth-021,beta-reader-sim,emotion,哪个版本的情感推进更自然？,B,3,2026-06-14T10:21:00.000Z,high-temp,low-temp
synth-021,beta-reader-sim,clarity,哪个版本的叙事更清晰易懂？,A,3,2026-06-14T10:21:00.000Z,high-temp,low-temp
synth-021,beta-reader-sim,expectation,哪个版本让你对后续发展更期待？,B,3,2026-06-14T10:21:00.000Z,high-temp,low-temp
synth-022,beta-reader-sim,engagement,哪个版本更让你想继续读下去？,B,3,2026-06-14T10:22:00.000Z,default,low-temp
synth-022,beta-reader-sim,character,哪个版本的角色更真实可信？,A,4,2026-06-14T10:22:00.000Z,default,low-temp
synth-022,beta-reader-sim,emotion,哪个版本的情感推进更自然？,A,4,2026-06-14T10:22:00.000Z,default,low-temp
synth-022,beta-reader-sim,clarity,哪个版本的叙事更清晰易懂？,B,4,2026-06-14T10:22:00.000Z,default,low-temp
synth-022,beta-reader-sim,expectation,哪个版本让你对后续发展更期待？,B,3,2026-06-14T10:22:00.000Z,default,low-temp
synth-023,beta-reader-sim,engagement,哪个版本更让你想继续读下去？,A,3,2026-06-14T10:23:00.000Z,default,high-temp
synth-023,beta-reader-sim,character,哪个版本的角色更真实可信？,B,3,2026-06-14T10:23:00.000Z,default,high-temp
synth-023,beta-reader-sim,emotion,哪个版本的情感推进更自然？,A,4,2026-06-14T10:23:00.000Z,default,high-temp
synth-023,beta-reader-sim,clarity,哪个版本的叙事更清晰易懂？,A,3,2026-06-14T10:23:00.000Z,default,high-temp
synth-023,beta-reader-sim,expectation,哪个版本让你对后续发展更期待？,A,4,2026-06-14T10:23:00.000Z,default,high-temp
synth-024,beta-reader-sim,engagement,哪个版本更让你想继续读下去？,B,4,2026-06-14T10:24:00.000Z,low-temp,high-temp
synth-024,beta-reader-sim,character,哪个版本的角色更真实可信？,A,3,2026-06-14T10:24:00.000Z,low-temp,high-temp
synth-024,beta-reader-sim,emotion,哪个版本的情感推进更自然？,A,4,2026-06-14T10:24:00.000Z,low-temp,high-temp
synth-024,beta-reader-sim,clarity,哪个版本的叙事更清晰易懂？,B,3,2026-06-14T10:24:00.000Z,low-temp,high-temp
synth-024,beta-reader-sim,expectation,哪个版本让你对后续发展更期待？,A,4,2026-06-14T10:24:00.000Z,low-temp,high-temp
synth-025,beta-reader-sim,engagement,哪个版本更让你想继续读下去？,tie,2,2026-06-14T10:25:00.000Z,low-temp,default
synth-025,beta-reader-sim,character,哪个版本的角色更真实可信？,A,3,2026-06-14T10:25:00.000Z,low-temp,default
synth-025,beta-reader-sim,emotion,哪个版本的情感推进更自然？,A,4,2026-06-14T10:25:00.000Z,low-temp,default
synth-025,beta-reader-sim,clarity,哪个版本的叙事更清晰易懂？,A,4,2026-06-14T10:25:00.000Z,low-temp,default
synth-025,beta-reader-sim,expectation,哪个版本让你对后续发展更期待？,B,4,2026-06-14T10:25:00.000Z,low-temp,default
synth-026,beta-reader-sim,engagement,哪个版本更让你想继续读下去？,B,3,2026-06-14T10:26:00.000Z,high-temp,default
synth-026,beta-reader-sim,character,哪个版本的角色更真实可信？,A,4,2026-06-14T10:26:00.000Z,high-temp,default
synth-026,beta-reader-sim,emotion,哪个版本的情感推进更自然？,A,4,2026-06-14T10:26:00.000Z,high-temp,default
synth-026,beta-reader-sim,clarity,哪个版本的叙事更清晰易懂？,A,4,2026-06-14T10:26:00.000Z,high-temp,default
synth-026,beta-reader-sim,expectation,哪个版本让你对后续发展更期待？,A,4,2026-06-14T10:26:00.000Z,high-temp,default
synth-027,beta-reader-sim,engagement,哪个版本更让你想继续读下去？,A,4,2026-06-14T10:27:00.000Z,high-temp,low-temp
synth-027,beta-reader-sim,character,哪个版本的角色更真实可信？,B,4,2026-06-14T10:27:00.000Z,high-temp,low-temp
synth-027,beta-reader-sim,emotion,哪个版本的情感推进更自然？,tie,2,2026-06-14T10:27:00.000Z,high-temp,low-temp
synth-027,beta-reader-sim,clarity,哪个版本的叙事更清晰易懂？,B,4,2026-06-14T10:27:00.000Z,high-temp,low-temp
synth-027,beta-reader-sim,expectation,哪个版本让你对后续发展更期待？,B,3,2026-06-14T10:27:00.000Z,high-temp,low-temp
synth-028,beta-reader-sim,engagement,哪个版本更让你想继续读下去？,B,3,2026-06-14T10:28:00.000Z,default,low-temp
synth-028,beta-reader-sim,character,哪个版本的角色更真实可信？,B,3,2026-06-14T10:28:00.000Z,default,low-temp
synth-028,beta-reader-sim,emotion,哪个版本的情感推进更自然？,B,3,2026-06-14T10:28:00.000Z,default,low-temp
synth-028,beta-reader-sim,clarity,哪个版本的叙事更清晰易懂？,B,3,2026-06-14T10:28:00.000Z,default,low-temp
synth-028,beta-reader-sim,expectation,哪个版本让你对后续发展更期待？,A,4,2026-06-14T10:28:00.000Z,default,low-temp
synth-029,beta-reader-sim,engagement,哪个版本更让你想继续读下去？,B,4,2026-06-14T10:29:00.000Z,default,high-temp
synth-029,beta-reader-sim,character,哪个版本的角色更真实可信？,A,4,2026-06-14T10:29:00.000Z,default,high-temp
synth-029,beta-reader-sim,emotion,哪个版本的情感推进更自然？,A,4,2026-06-14T10:29:00.000Z,default,high-temp
synth-029,beta-reader-sim,clarity,哪个版本的叙事更清晰易懂？,A,3,2026-06-14T10:29:00.000Z,default,high-temp
synth-029,beta-reader-sim,expectation,哪个版本让你对后续发展更期待？,tie,3,2026-06-14T10:29:00.000Z,default,high-temp
synth-030,beta-reader-sim,engagement,哪个版本更让你想继续读下去？,A,3,2026-06-14T10:30:00.000Z,low-temp,high-temp
synth-030,beta-reader-sim,character,哪个版本的角色更真实可信？,tie,3,2026-06-14T10:30:00.000Z,low-temp,high-temp
synth-030,beta-reader-sim,emotion,哪个版本的情感推进更自然？,B,4,2026-06-14T10:30:00.000Z,low-temp,high-temp
synth-030,beta-reader-sim,clarity,哪个版本的叙事更清晰易懂？,B,4,2026-06-14T10:30:00.000Z,low-temp,high-temp
synth-030,beta-reader-sim,expectation,哪个版本让你对后续发展更期待？,tie,2,2026-06-14T10:30:00.000Z,low-temp,high-temp
synth-031,beta-reader-sim,engagement,哪个版本更让你想继续读下去？,A,3,2026-06-14T10:31:00.000Z,low-temp,default
synth-031,beta-reader-sim,character,哪个版本的角色更真实可信？,A,4,2026-06-14T10:31:00.000Z,low-temp,default
synth-031,beta-reader-sim,emotion,哪个版本的情感推进更自然？,B,3,2026-06-14T10:31:00.000Z,low-temp,default
synth-031,beta-reader-sim,clarity,哪个版本的叙事更清晰易懂？,A,3,2026-06-14T10:31:00.000Z,low-temp,default
synth-031,beta-reader-sim,expectation,哪个版本让你对后续发展更期待？,B,4,2026-06-14T10:31:00.000Z,low-temp,default
synth-032,beta-reader-sim,engagement,哪个版本更让你想继续读下去？,B,3,2026-06-14T10:32:00.000Z,high-temp,default
synth-032,beta-reader-sim,character,哪个版本的角色更真实可信？,tie,3,2026-06-14T10:32:00.000Z,high-temp,default
synth-032,beta-reader-sim,emotion,哪个版本的情感推进更自然？,B,4,2026-06-14T10:32:00.000Z,high-temp,default
synth-032,beta-reader-sim,clarity,哪个版本的叙事更清晰易懂？,A,3,2026-06-14T10:32:00.000Z,high-temp,default
synth-032,beta-reader-sim,expectation,哪个版本让你对后续发展更期待？,A,4,2026-06-14T10:32:00.000Z,high-temp,default
synth-033,beta-reader-sim,engagement,哪个版本更让你想继续读下去？,B,3,2026-06-14T10:33:00.000Z,high-temp,low-temp
synth-033,beta-reader-sim,character,哪个版本的角色更真实可信？,A,4,2026-06-14T10:33:00.000Z,high-temp,low-temp
synth-033,beta-reader-sim,emotion,哪个版本的情感推进更自然？,B,3,2026-06-14T10:33:00.000Z,high-temp,low-temp
synth-033,beta-reader-sim,clarity,哪个版本的叙事更清晰易懂？,A,4,2026-06-14T10:33:00.000Z,high-temp,low-temp
synth-033,beta-reader-sim,expectation,哪个版本让你对后续发展更期待？,B,3,2026-06-14T10:33:00.000Z,high-temp,low-temp
synth-034,beta-reader-sim,engagement,哪个版本更让你想继续读下去？,B,4,2026-06-14T10:34:00.000Z,default,low-temp
synth-034,beta-reader-sim,character,哪个版本的角色更真实可信？,A,4,2026-06-14T10:34:00.000Z,default,low-temp
synth-034,beta-reader-sim,emotion,哪个版本的情感推进更自然？,B,4,2026-06-14T10:34:00.000Z,default,low-temp
synth-034,beta-reader-sim,clarity,哪个版本的叙事更清晰易懂？,tie,3,2026-06-14T10:34:00.000Z,default,low-temp
synth-034,beta-reader-sim,expectation,哪个版本让你对后续发展更期待？,B,4,2026-06-14T10:34:00.000Z,default,low-temp
synth-035,beta-reader-sim,engagement,哪个版本更让你想继续读下去？,B,3,2026-06-14T10:35:00.000Z,default,high-temp
synth-035,beta-reader-sim,character,哪个版本的角色更真实可信？,A,4,2026-06-14T10:35:00.000Z,default,high-temp
synth-035,beta-reader-sim,emotion,哪个版本的情感推进更自然？,A,3,2026-06-14T10:35:00.000Z,default,high-temp
synth-035,beta-reader-sim,clarity,哪个版本的叙事更清晰易懂？,B,4,2026-06-14T10:35:00.000Z,default,high-temp
synth-035,beta-reader-sim,expectation,哪个版本让你对后续发展更期待？,B,4,2026-06-14T10:35:00.000Z,default,high-temp
synth-036,beta-reader-sim,engagement,哪个版本更让你想继续读下去？,B,3,2026-06-14T10:36:00.000Z,low-temp,high-temp
synth-036,beta-reader-sim,character,哪个版本的角色更真实可信？,B,3,2026-06-14T10:36:00.000Z,low-temp,high-temp
synth-036,beta-reader-sim,emotion,哪个版本的情感推进更自然？,B,4,2026-06-14T10:36:00.000Z,low-temp,high-temp
synth-036,beta-reader-sim,clarity,哪个版本的叙事更清晰易懂？,B,4,2026-06-14T10:36:00.000Z,low-temp,high-temp
synth-036,beta-reader-sim,expectation,哪个版本让你对后续发展更期待？,A,4,2026-06-14T10:36:00.000Z,low-temp,high-temp
synth-037,beta-reader-sim,engagement,哪个版本更让你想继续读下去？,tie,2,2026-06-14T10:37:00.000Z,low-temp,default
synth-037,beta-reader-sim,character,哪个版本的角色更真实可信？,B,4,2026-06-14T10:37:00.000Z,low-temp,default
synth-037,beta-reader-sim,emotion,哪个版本的情感推进更自然？,tie,2,2026-06-14T10:37:00.000Z,low-temp,default
synth-037,beta-reader-sim,clarity,哪个版本的叙事更清晰易懂？,B,3,2026-06-14T10:37:00.000Z,low-temp,default
synth-037,beta-reader-sim,expectation,哪个版本让你对后续发展更期待？,B,3,2026-06-14T10:37:00.000Z,low-temp,default
synth-038,beta-reader-sim,engagement,哪个版本更让你想继续读下去？,A,4,2026-06-14T10:38:00.000Z,high-temp,default
synth-038,beta-reader-sim,character,哪个版本的角色更真实可信？,B,3,2026-06-14T10:38:00.000Z,high-temp,default
synth-038,beta-reader-sim,emotion,哪个版本的情感推进更自然？,A,3,2026-06-14T10:38:00.000Z,high-temp,default
synth-038,beta-reader-sim,clarity,哪个版本的叙事更清晰易懂？,tie,3,2026-06-14T10:38:00.000Z,high-temp,default
synth-038,beta-reader-sim,expectation,哪个版本让你对后续发展更期待？,A,4,2026-06-14T10:38:00.000Z,high-temp,default
synth-039,beta-reader-sim,engagement,哪个版本更让你想继续读下去？,B,4,2026-06-14T10:39:00.000Z,high-temp,low-temp
synth-039,beta-reader-sim,character,哪个版本的角色更真实可信？,A,4,2026-06-14T10:39:00.000Z,high-temp,low-temp
synth-039,beta-reader-sim,emotion,哪个版本的情感推进更自然？,B,3,2026-06-14T10:39:00.000Z,high-temp,low-temp
synth-039,beta-reader-sim,clarity,哪个版本的叙事更清晰易懂？,A,3,2026-06-14T10:39:00.000Z,high-temp,low-temp
synth-039,beta-reader-sim,expectation,哪个版本让你对后续发展更期待？,B,4,2026-06-14T10:39:00.000Z,high-temp,low-temp
synth-040,beta-reader-sim,engagement,哪个版本更让你想继续读下去？,B,4,2026-06-14T10:40:00.000Z,default,low-temp
synth-040,beta-reader-sim,character,哪个版本的角色更真实可信？,B,3,2026-06-14T10:40:00.000Z,default,low-temp
synth-040,beta-reader-sim,emotion,哪个版本的情感推进更自然？,A,3,2026-06-14T10:40:00.000Z,default,low-temp
synth-040,beta-reader-sim,clarity,哪个版本的叙事更清晰易懂？,B,3,2026-06-14T10:40:00.000Z,default,low-temp
synth-040,beta-reader-sim,expectation,哪个版本让你对后续发展更期待？,A,3,2026-06-14T10:40:00.000Z,default,low-temp
synth-041,beta-reader-sim,engagement,哪个版本更让你想继续读下去？,A,3,2026-06-14T10:41:00.000Z,default,high-temp
synth-041,beta-reader-sim,character,哪个版本的角色更真实可信？,tie,3,2026-06-14T10:41:00.000Z,default,high-temp
synth-041,beta-reader-sim,emotion,哪个版本的情感推进更自然？,A,3,2026-06-14T10:41:00.000Z,default,high-temp
synth-041,beta-reader-sim,clarity,哪个版本的叙事更清晰易懂？,B,3,2026-06-14T10:41:00.000Z,default,high-temp
synth-041,beta-reader-sim,expectation,哪个版本让你对后续发展更期待？,A,4,2026-06-14T10:41:00.000Z,default,high-temp
synth-042,beta-reader-sim,engagement,哪个版本更让你想继续读下去？,B,3,2026-06-14T10:42:00.000Z,low-temp,high-temp
synth-042,beta-reader-sim,character,哪个版本的角色更真实可信？,B,3,2026-06-14T10:42:00.000Z,low-temp,high-temp
synth-042,beta-reader-sim,emotion,哪个版本的情感推进更自然？,A,4,2026-06-14T10:42:00.000Z,low-temp,high-temp
synth-042,beta-reader-sim,clarity,哪个版本的叙事更清晰易懂？,A,3,2026-06-14T10:42:00.000Z,low-temp,high-temp
synth-042,beta-reader-sim,expectation,哪个版本让你对后续发展更期待？,B,3,2026-06-14T10:42:00.000Z,low-temp,high-temp
synth-043,beta-reader-sim,engagement,哪个版本更让你想继续读下去？,A,3,2026-06-14T10:43:00.000Z,low-temp,default
synth-043,beta-reader-sim,character,哪个版本的角色更真实可信？,B,4,2026-06-14T10:43:00.000Z,low-temp,default
synth-043,beta-reader-sim,emotion,哪个版本的情感推进更自然？,B,4,2026-06-14T10:43:00.000Z,low-temp,default
synth-043,beta-reader-sim,clarity,哪个版本的叙事更清晰易懂？,tie,2,2026-06-14T10:43:00.000Z,low-temp,default
synth-043,beta-reader-sim,expectation,哪个版本让你对后续发展更期待？,B,3,2026-06-14T10:43:00.000Z,low-temp,default
synth-044,beta-reader-sim,engagement,哪个版本更让你想继续读下去？,B,4,2026-06-14T10:44:00.000Z,high-temp,default
synth-044,beta-reader-sim,character,哪个版本的角色更真实可信？,B,4,2026-06-14T10:44:00.000Z,high-temp,default
synth-044,beta-reader-sim,emotion,哪个版本的情感推进更自然？,B,3,2026-06-14T10:44:00.000Z,high-temp,default
synth-044,beta-reader-sim,clarity,哪个版本的叙事更清晰易懂？,A,3,2026-06-14T10:44:00.000Z,high-temp,default
synth-044,beta-reader-sim,expectation,哪个版本让你对后续发展更期待？,A,3,2026-06-14T10:44:00.000Z,high-temp,default
synth-045,beta-reader-sim,engagement,哪个版本更让你想继续读下去？,A,3,2026-06-14T10:45:00.000Z,high-temp,low-temp
synth-045,beta-reader-sim,character,哪个版本的角色更真实可信？,A,4,2026-06-14T10:45:00.000Z,high-temp,low-temp
synth-045,beta-reader-sim,emotion,哪个版本的情感推进更自然？,B,3,2026-06-14T10:45:00.000Z,high-temp,low-temp
synth-045,beta-reader-sim,clarity,哪个版本的叙事更清晰易懂？,A,4,2026-06-14T10:45:00.000Z,high-temp,low-temp
synth-045,beta-reader-sim,expectation,哪个版本让你对后续发展更期待？,B,4,2026-06-14T10:45:00.000Z,high-temp,low-temp
synth-046,beta-reader-sim,engagement,哪个版本更让你想继续读下去？,A,4,2026-06-14T10:46:00.000Z,default,low-temp
synth-046,beta-reader-sim,character,哪个版本的角色更真实可信？,B,4,2026-06-14T10:46:00.000Z,default,low-temp
synth-046,beta-reader-sim,emotion,哪个版本的情感推进更自然？,B,3,2026-06-14T10:46:00.000Z,default,low-temp
synth-046,beta-reader-sim,clarity,哪个版本的叙事更清晰易懂？,B,4,2026-06-14T10:46:00.000Z,default,low-temp
synth-046,beta-reader-sim,expectation,哪个版本让你对后续发展更期待？,A,3,2026-06-14T10:46:00.000Z,default,low-temp
synth-047,beta-reader-sim,engagement,哪个版本更让你想继续读下去？,A,3,2026-06-14T10:47:00.000Z,default,high-temp
synth-047,beta-reader-sim,character,哪个版本的角色更真实可信？,B,4,2026-06-14T10:47:00.000Z,default,high-temp
synth-047,beta-reader-sim,emotion,哪个版本的情感推进更自然？,A,4,2026-06-14T10:47:00.000Z,default,high-temp
synth-047,beta-reader-sim,clarity,哪个版本的叙事更清晰易懂？,A,3,2026-06-14T10:47:00.000Z,default,high-temp
synth-047,beta-reader-sim,expectation,哪个版本让你对后续发展更期待？,A,4,2026-06-14T10:47:00.000Z,default,high-temp
synth-048,beta-reader-sim,engagement,哪个版本更让你想继续读下去？,A,4,2026-06-14T10:48:00.000Z,low-temp,high-temp
synth-048,beta-reader-sim,character,哪个版本的角色更真实可信？,B,4,2026-06-14T10:48:00.000Z,low-temp,high-temp
synth-048,beta-reader-sim,emotion,哪个版本的情感推进更自然？,A,4,2026-06-14T10:48:00.000Z,low-temp,high-temp
synth-048,beta-reader-sim,clarity,哪个版本的叙事更清晰易懂？,B,3,2026-06-14T10:48:00.000Z,low-temp,high-temp
synth-048,beta-reader-sim,expectation,哪个版本让你对后续发展更期待？,A,4,2026-06-14T10:48:00.000Z,low-temp,high-temp
synth-049,beta-reader-sim,engagement,哪个版本更让你想继续读下去？,A,3,2026-06-14T10:49:00.000Z,low-temp,default
synth-049,beta-reader-sim,character,哪个版本的角色更真实可信？,A,3,2026-06-14T10:49:00.000Z,low-temp,default
synth-049,beta-reader-sim,emotion,哪个版本的情感推进更自然？,A,4,2026-06-14T10:49:00.000Z,low-temp,default
synth-049,beta-reader-sim,clarity,哪个版本的叙事更清晰易懂？,tie,3,2026-06-14T10:49:00.000Z,low-temp,default
synth-049,beta-reader-sim,expectation,哪个版本让你对后续发展更期待？,A,4,2026-06-14T10:49:00.000Z,low-temp,default
synth-050,beta-reader-sim,engagement,哪个版本更让你想继续读下去？,tie,3,2026-06-14T10:50:00.000Z,high-temp,default
synth-050,beta-reader-sim,character,哪个版本的角色更真实可信？,B,3,2026-06-14T10:50:00.000Z,high-temp,default
synth-050,beta-reader-sim,emotion,哪个版本的情感推进更自然？,A,3,2026-06-14T10:50:00.000Z,high-temp,default
synth-050,beta-reader-sim,clarity,哪个版本的叙事更清晰易懂？,A,3,2026-06-14T10:50:00.000Z,high-temp,default
synth-050,beta-reader-sim,expectation,哪个版本让你对后续发展更期待？,A,3,2026-06-14T10:50:00.000Z,high-temp,default